Well_Name,Start_Drill_Date,Start_Frac_Date,Start_Production_Date,Prospect,Pad,Well_ID,Comp_Lateral_Length,Formation,Type_Curve,X1 (Heel),Y1 (Heel),X2 (Toe),Y2 (Toe)
Well #42,9/14/2019,11/12/2019,1/3/2020,Area 1,F2,42,6000,Utica,0,-78.61560393,41.29301209,-78.60585172,41.28027315
Well #43,4/29/2019,11/24/2019,3/19/2020,Area 2,K,43,9000,Utica,0,-78.45080394,41.60607087,-78.43436694,41.58470419
Well #44,5/26/2019,11/24/2019,3/19/2020,Area 2,K,44,9000,Utica,0,-78.45461392,41.60443852,-78.43815917,41.58304823
Well #45,6/15/2019,11/24/2019,3/19/2020,Area 2,K,45,9000,Utica,0,-78.45842264,41.60280624,-78.44195077,41.58139315
Well #46,7/5/2019,11/24/2019,3/19/2020,Area 2,K,46,12000,Utica,0,-78.45157865,41.60574443,-78.47353247,41.63428618
Well #47,7/29/2019,11/24/2019,3/19/2020,Area 2,K,47,12000,Utica,0,-78.45538996,41.6041114,-78.47732639,41.63263128
Well #48,8/22/2019,11/24/2019,3/19/2020,Area 2,K,48,12000,Utica,0,-78.45920116,41.60247804,-78.48111977,41.63097546
Well #49,10/26/2019,2/11/2020,5/7/2020,Area 2,A,49,10000,Utica,0,-78.34685885,41.60718709,-78.32889102,41.58383117
Well #50,12/2/2019,2/11/2020,5/7/2020,Area 2,A,50,10000,Utica,0,-78.35068166,41.6055308,-78.33237601,41.58173519
Well #51,12/23/2019,2/11/2020,5/7/2020,Area 2,A,51,10000,Utica,0,-78.35448798,41.60388122,-78.33656099,41.58057719
Well #53,12/27/2015,6/7/2016,5/12/2020,Area 6,G,53,5000,Marcellus,1,-78.47276831,41.66745316,-78.46165582,41.65302151
Well #52,1/14/2016,6/7/2016,5/12/2020,Area 6,G,52,6000,Marcellus,1,-78.47103182,41.66815962,-78.4829406,41.68362654
Well #54,6/11/2019,3/23/2020,7/8/2020,Area 2,T,55,11000,Utica,0,-78.46790844,41.58890907,-78.44785075,41.56282933
Well #55,7/9/2019,3/23/2020,7/8/2020,Area 2,T,56,11000,Utica,0,-78.47173071,41.58729495,-78.45165483,41.56119091
Well #56,7/30/2019,3/23/2020,7/8/2020,Area 2,T,57,11000,Utica,0,-78.47555278,41.58568093,-78.45545849,41.55955229
Well #57,8/20/2019,3/23/2020,7/8/2020,Area 2,T,58,11000,Utica,0,-78.47937593,41.58406617,-78.45926339,41.55791314
Well #58,9/10/2019,3/23/2020,7/8/2020,Area 2,T,59,7000,Utica,0,-78.46859864,41.58856747,-78.48097859,41.60466641
Well #59,9/28/2019,3/23/2020,7/8/2020,Area 2,T,60,7000,Utica,0,-78.47845217,41.58425431,-78.49078414,41.60029193
Well #60,1/14/2020,6/2/2020,8/20/2020,Area 2,B,61,5000,Utica,0,-78.3330294,41.60239479,-78.32346859,41.58996576
Well #61,2/6/2020,6/2/2020,8/20/2020,Area 2,B,62,7000,Utica,0,-78.33683796,41.60074456,-78.32511456,41.58550377
Well #62,2/23/2020,6/2/2020,8/20/2020,Area 2,B,63,7000,Utica,0,-78.33334128,41.60225966,-78.34659156,41.61948677
Well #63,3/11/2020,6/2/2020,8/20/2020,Area 2,B,64,7000,Utica,0,-78.33715115,41.60060886,-78.35109158,41.61873376
Well #64,10/15/2019,7/6/2020,10/28/2020,Area 2,S,65,10000,Utica,0,-78.48972703,41.58895531,-78.47171222,41.56553166
Well #65,11/10/2019,7/6/2020,10/28/2020,Area 2,S,66,10000,Utica,0,-78.494343,41.58695458,-78.47632623,41.56352766
Well #66,11/30/2019,7/6/2020,10/28/2020,Area 2,S,67,11000,Utica,0,-78.48923534,41.5891684,-78.510266,41.61651709
Well #67,12/21/2019,7/6/2020,10/28/2020,Area 2,S,68,11000,Utica,0,-78.49303953,41.58751911,-78.513637,41.61430517
Well #68,1/11/2020,7/6/2020,10/28/2020,Area 2,S,69,11000,Utica,0,-78.4968197,41.58588088,-78.517413,41.6126622
Well #69,3/8/2020,9/11/2020,1/6/2021,Area 3,X,70,11000,Utica,0,-78.527132,41.55253655,-78.54069013,41.57017761
Well #70,4/4/2020,9/11/2020,1/6/2021,Area 3,X,71,11000,Utica,0,-78.52656966,41.55273435,-78.50721502,41.52755453
Well #71,4/24/2020,9/11/2020,1/6/2021,Area 3,X,72,11000,Utica,0,-78.53046599,41.5513052,-78.51069502,41.52558318
Well #72,5/15/2020,9/11/2020,1/6/2021,Area 3,X,73,10000,Utica,0,-78.53432244,41.54963242,-78.514312,41.52359818
Well #73,6/3/2020,9/11/2020,1/6/2021,Area 3,X,74,10000,Utica,0,-78.53104912,41.55105229,-78.551448,41.57759518
Well #74,6/23/2020,9/11/2020,1/6/2021,Area 3,X,75,10000,Utica,0,-78.53502198,41.54932899,-78.55632202,41.57704519
Well #75,3/28/2020,12/1/2020,4/9/2021,Area 2,D,76,11000,Utica,0,-78.38162038,41.58889258,-78.40256399,41.61612819
Well #76,4/25/2020,12/1/2020,4/9/2021,Area 2,D,77,9000,Utica,0,-78.38153692,41.58892876,-78.36460902,41.56691819
Well #77,5/13/2020,12/1/2020,4/9/2021,Area 2,D,78,9000,Utica,0,-78.38524198,41.58732267,-78.36877976,41.56591695
Well #78,5/30/2020,12/1/2020,4/9/2021,Area 2,D,79,9000,Utica,0,-78.38905433,41.58567011,-78.37234374,41.56394094
Well #79,6/17/2020,12/1/2020,4/9/2021,Area 2,D,80,9000,Utica,0,-78.39293303,41.58398859,-78.37640174,41.56249195
Well #80,7/5/2020,12/1/2020,4/9/2021,Area 2,D,81,7000,Utica,0,-78.38568906,41.58712891,-78.39962973,41.60525795
Well #81,7/22/2020,12/1/2020,4/9/2021,Area 2,D,82,7000,Utica,0,-78.38944254,41.58550216,-78.40358202,41.6038902
Well #82,8/7/2020,12/1/2020,4/9/2021,Area 2,D,83,7000,Utica,0,-78.39323404,41.58385809,-78.40714773,41.60195296
Well #83,7/12/2020,2/26/2021,7/29/2021,Area 3,Y,84,11000,Marcellus,1,-78.53830143,41.5493383,-78.51640273,41.52084719
Well #84,7/30/2020,2/26/2021,7/29/2021,Area 3,Y,85,11000,Marcellus,1,-78.54038495,41.54848192,-78.51847566,41.51997664
Well #85,8/9/2020,2/26/2021,7/29/2021,Area 3,Y,86,11000,Marcellus,1,-78.542464,41.54761962,-78.52054426,41.51910037
Well #86,8/20/2020,2/26/2021,7/29/2021,Area 3,Y,87,11000,Marcellus,1,-78.54451929,41.54672784,-78.52258955,41.51819519
Well #87,8/31/2020,2/26/2021,7/29/2021,Area 3,Y,88,11000,Marcellus,1,-78.54654673,41.54580118,-78.52460648,41.51725444
Well #88,9/10/2020,2/26/2021,7/29/2021,Area 3,Y,89,11000,Utica,0,-78.54267945,41.54746821,-78.522387,41.52106617
Well #89,9/30/2020,2/26/2021,7/29/2021,Area 3,Y,90,11000,Utica,0,-78.54341266,41.54715016,-78.56503001,41.57528019
Well #90,10/20/2020,2/26/2021,7/29/2021,Area 3,Y,91,11000,Utica,0,-78.5465016,41.54567897,-78.52625038,41.51932985
Well #91,11/9/2020,2/26/2021,7/29/2021,Area 3,Y,92,11000,Utica,0,-78.54702473,41.54545204,-78.5673104,41.57184991
Well #92,11/28/2020,6/16/2021,10/31/2021,Area 3,Z,94,7000,Utica,0,-78.55899561,41.54788966,-78.57305801,41.56618818
Well #93,12/21/2020,6/16/2021,10/31/2021,Area 3,Z,95,12000,Utica,0,-78.55474722,41.54994338,-78.529745,41.51741531
Well #94,1/11/2021,6/16/2021,10/31/2021,Area 3,Z,96,12000,Utica,0,-78.55856243,41.54828885,-78.533522,41.51571024
Well #95,2/1/2021,6/16/2021,10/31/2021,Area 3,Z,97,12000,Utica,0,-78.5623207,41.54665856,-78.536903,41.51358829
Well #96,2/22/2021,6/16/2021,10/31/2021,Area 3,Z,98,10000,Utica,0,-78.56632604,41.5449211,-78.54924501,41.52269618
Well #97,3/13/2021,6/16/2021,10/31/2021,Area 3,Z,99,8000,Utica,0,-78.5553331,41.54968931,-78.57031302,41.5691812
Well #98,3/29/2021,6/16/2021,10/31/2021,Area 3,Z,100,7000,Utica,0,-78.56294006,41.54638989,-78.576494,41.56402719
Well #99,4/14/2021,6/16/2021,10/31/2021,Area 3,Z,101,7000,Utica,0,-78.56684551,41.54469576,-78.58162102,41.56392318
Well #100,11/21/2020,9/20/2021,1/11/2022,Area 2,J,102,9000,Utica,0,-78.44236266,41.61995458,-78.45884917,41.64138325
Well #101,12/15/2020,9/20/2021,1/11/2022,Area 2,J,103,9000,Utica,0,-78.44617212,41.61832032,-78.46264056,41.63972605
Well #102,1/1/2021,9/20/2021,1/11/2022,Area 2,J,104,9000,Utica,0,-78.44998428,41.61668462,-78.46643523,41.63806815
Well #103,1/18/2021,9/20/2021,1/11/2022,Area 2,J,105,9000,Utica,0,-78.4537936,41.61504987,-78.47022746,41.63641173
Well #104,2/4/2021,9/20/2021,1/11/2022,Area 2,J,106,11000,Utica,0,-78.4412533,41.62051458,-78.41971139,41.59251882
Well #105,2/23/2021,9/20/2021,1/11/2022,Area 2,J,107,11000,Utica,0,-78.44504351,41.61885686,-78.42348373,41.59083713
Well #106,4/30/2021,12/2/2021,2/14/2022,Area 2,L,108,9000,Utica,0,-78.46724127,41.60671365,-78.48507402,41.62989719
Well #107,5/25/2021,12/2/2021,2/14/2022,Area 2,L,109,9000,Utica,0,-78.47105294,41.6050618,-78.48869491,41.62799788
Well #108,6/11/2021,12/2/2021,2/14/2022,Area 2,L,110,9000,Utica,0,-78.47484916,41.60341651,-78.49264394,41.62655187
Well #109,7/18/2021,1/8/2022,4/16/2022,Area 3,W,111,8000,Utica,0,-78.51434369,41.56145712,-78.53139802,41.5836442
Well #110,8/9/2021,1/8/2022,4/16/2022,Area 3,W,112,11000,Utica,0,-78.51397729,41.56156609,-78.49370201,41.53519219
Well #111,8/27/2021,1/8/2022,4/16/2022,Area 3,W,113,11000,Utica,0,-78.52336631,41.55749448,-78.50355401,41.53172118
Well #112,9/15/2021,1/8/2022,4/16/2022,Area 3,W,114,9000,Utica,0,-78.5233188,41.55751509,-78.541385,41.58102019
Well #113,8/2/2021,2/27/2022,5/21/2022,Area 6,Q,115,8000,Utica,0,-78.49602236,41.62466184,-78.48111799,41.60529318
Well #114,8/25/2021,2/27/2022,5/21/2022,Area 6,Q,116,8000,Utica,0,-78.49975852,41.6230435,-78.48441386,41.60310213
Well #115,9/10/2021,2/27/2022,5/21/2022,Area 6,Q,117,8000,Utica,0,-78.50356289,41.62139562,-78.48825085,41.60149613
Well #116,9/25/2021,2/27/2022,5/21/2022,Area 6,Q,118,8000,Utica,0,-78.50738057,41.61974147,-78.49226986,41.60010314
Well #117,10/2/2021,4/9/2022,6/25/2022,Area 3,P,119,7000,Utica,0,-78.53259502,41.59645632,-78.54286002,41.60980319
Well #118,10/24/2021,4/9/2022,6/25/2022,Area 3,P,120,7000,Utica,0,-78.53635366,41.59482709,-78.54638399,41.60786918
Well #119,11/8/2021,4/9/2022,6/25/2022,Area 3,P,121,7000,Utica,0,-78.54015824,41.59317796,-78.54943702,41.6052432
Well #120,11/22/2021,4/9/2022,6/25/2022,Area 3,P,122,6000,Utica,0,-78.54394993,41.5915341,-78.55158801,41.60146618
Well #121,10/11/2021,5/14/2022,10/7/2022,Area 2,F,124,7000,Utica,0,-78.39059709,41.57458778,-78.376734,41.5565582
Well #122,11/2/2021,5/14/2022,10/7/2022,Area 2,F,125,7000,Utica,0,-78.3945158,41.57288905,-78.38071899,41.55494518
Well #123,11/17/2021,5/14/2022,10/7/2022,Area 2,F,126,7000,Utica,0,-78.39820176,41.57129118,-78.38461202,41.55361617
Well #124,12/1/2021,5/14/2022,10/7/2022,Area 2,F,127,7000,Utica,0,-78.40204965,41.56962262,-78.38850299,41.55200318
Well #125,12/16/2021,5/14/2022,10/7/2022,Area 2,F,128,8000,Utica,0,-78.39098575,41.5744193,-78.40653501,41.5946442
Well #126,1/1/2022,5/14/2022,10/7/2022,Area 2,F,129,8000,Utica,0,-78.39466384,41.57265972,-78.41019044,41.5928557
Well #127,1/16/2022,5/14/2022,10/7/2022,Area 2,F,130,8000,Utica,0,-78.39854395,41.5711428,-78.41413201,41.5914192
Well #128,1/31/2022,5/14/2022,10/7/2022,Area 2,F,131,8000,Utica,0,-78.40240249,41.56946961,-78.41792801,41.58966519
Well #129,2/16/2022,5/14/2022,10/7/2022,Area 2,F,132,7000,Utica,0,-78.40631516,41.56816007,-78.39243662,41.55010858
Well #130,3/2/2022,5/14/2022,10/7/2022,Area 2,F,133,8000,Utica,0,-78.4063523,41.56814396,-78.42176761,41.5881966
Well #131,12/7/2021,8/18/2022,11/17/2022,Area 2,R,134,6000,Utica,0,-78.52599207,41.60813088,-78.51526602,41.59418819
Well #132,12/27/2021,8/18/2022,11/17/2022,Area 2,R,135,5000,Utica,0,-78.52990134,41.60643689,-78.52047922,41.59418893
Well #133,1/10/2022,8/18/2022,11/17/2022,Area 2,R,136,5000,Utica,0,-78.53363501,41.60481877,-78.52477321,41.59329891
Well #134,1/23/2022,8/18/2022,11/17/2022,Area 2,R,137,12000,Utica,0,-78.52063155,41.61045332,-78.54629199,41.64381213
Well #135,2/10/2022,8/18/2022,11/17/2022,Area 2,R,138,12000,Utica,0,-78.524275,41.6088748,-78.54733223,41.63884988
Well #136,3/1/2022,8/18/2022,11/17/2022,Area 2,R,139,5000,Utica,0,-78.53178645,41.60561991,-78.54126222,41.6179389
Well #137,3/14/2022,10/12/2022,1/11/2023,Area 3,B2,140,7000,Utica,0,-78.54847423,41.52238831,-78.52592002,41.49303218
Well #138,4/5/2022,10/12/2022,1/11/2023,Area 3,B2,141,7000,Utica,0,-78.55218574,41.52077831,-78.52950299,41.49125418
Well #139,4/19/2022,10/12/2022,1/11/2023,Area 3,B2,142,7000,Utica,0,-78.55598211,41.51913122,-78.533443,41.48979326
Well #140,5/4/2022,10/12/2022,1/11/2023,Area 3,B2,143,7000,Utica,0,-78.55987629,41.5174417,-78.53777603,41.48867411
Well #141,5/18/2022,10/12/2022,1/11/2023,Area 3,B2,144,7000,Utica,0,-78.56369779,41.51578319,-78.54207402,41.48763508
Well #142,6/1/2022,10/12/2022,1/11/2023,Area 3,B2,145,7000,Utica,0,-78.56738257,41.51418401,-78.54529701,41.48543409
Well #143,4/20/2022,12/6/2022,3/9/2023,Area 2,N,146,6000,Utica,0,-78.4078347,41.56401629,-78.39547502,41.54793919
Well #144,5/11/2022,12/6/2022,3/9/2023,Area 2,N,147,6000,Utica,0,-78.41164046,41.56236627,-78.39960401,41.54670917
Well #145,5/25/2022,12/6/2022,3/9/2023,Area 2,N,148,6000,Utica,0,-78.41538614,41.5607418,-78.40330499,41.54502617
Well #146,6/8/2022,12/6/2022,3/9/2023,Area 2,N,149,6000,Utica,0,-78.41925841,41.55906243,-78.40733701,41.54355418
Well #147,6/22/2022,12/6/2022,3/9/2023,Area 2,N,150,9000,Utica,0,-78.41582532,41.56055133,-78.43297299,41.58286018
Well #148,7/8/2022,12/6/2022,3/9/2023,Area 2,N,151,9000,Utica,0,-78.41959452,41.55891666,-78.43686601,41.58138719
Well #149,6/16/2022,2/1/2023,5/21/2023,Area 3,A2,152,5000,Utica,0,-78.56355113,41.53479221,-78.55313599,41.52123819
Well #150,7/6/2022,2/1/2023,5/21/2023,Area 3,A2,153,5000,Utica,0,-78.56735976,41.53314021,-78.55697102,41.51962019
Well #151,7/18/2022,2/1/2023,5/21/2023,Area 3,A2,154,5000,Utica,0,-78.57113105,41.53150394,-78.561203,41.51858318
Well #152,7/31/2022,2/1/2023,5/21/2023,Area 3,A2,155,5000,Utica,0,-78.57504787,41.52980446,-78.56440901,41.5159582
Well #153,8/13/2022,2/1/2023,5/21/2023,Area 3,A2,156,5000,Utica,0,-78.57877652,41.52818643,-78.567846,41.51396019
Well #154,8/26/2022,2/1/2023,5/21/2023,Area 3,A2,157,5000,Utica,0,-78.56382219,41.53467464,-78.575805,41.55027019
Well #155,9/8/2022,2/1/2023,5/21/2023,Area 3,A2,158,5000,Utica,0,-78.56779824,41.53295001,-78.57763301,41.54575019
Well #156,9/21/2022,2/1/2023,5/21/2023,Area 3,A2,159,5000,Utica,0,-78.57136955,41.53140046,-78.58124599,41.54425518
Well #157,10/3/2022,2/1/2023,5/21/2023,Area 3,A2,160,5000,Utica,0,-78.57531264,41.52968959,-78.58519102,41.54254717
Well #158,10/16/2022,2/1/2023,5/21/2023,Area 3,A2,161,5000,Utica,0,-78.57898401,41.52809637,-78.58874399,41.54080017
Well #159,7/24/2022,4/1/2023,6/17/2023,Area 2,O,163,6000,Utica,0,-78.42344603,41.55794657,-78.41131102,41.54216019
Well #160,8/13/2022,4/1/2023,6/17/2023,Area 2,O,164,6000,Utica,0,-78.42720425,41.55631701,-78.41500002,41.5404402
Well #161,8/27/2022,4/1/2023,6/17/2023,Area 2,O,165,7000,Utica,0,-78.42375916,41.5578108,-78.437178,41.57526919
Well #162,9/10/2022,4/1/2023,6/17/2023,Area 2,O,166,7000,Utica,0,-78.4275486,41.5561677,-78.44125999,41.57400718
Well #163,9/24/2022,5/7/2023,10/13/2023,Area 5,J2,167,9000,Utica,0,-78.64965727,41.4441675,-78.63144001,41.42042719
Well #164,10/16/2022,5/7/2023,10/13/2023,Area 5,J2,168,9000,Utica,0,-78.65355389,41.44247495,-78.634211,41.4172672
Well #165,10/31/2022,5/7/2023,10/13/2023,Area 5,J2,169,9000,Utica,0,-78.65727314,41.44085938,-78.63795802,41.41568718
Well #166,11/15/2022,5/7/2023,10/13/2023,Area 5,J2,170,9000,Utica,0,-78.6612273,41.43914154,-78.64236299,41.41455618
Well #167,11/30/2022,5/7/2023,10/13/2023,Area 5,J2,171,9000,Utica,0,-78.66528504,41.43737838,-78.65178101,41.4197782
Well #168,12/15/2022,5/7/2023,10/13/2023,Area 5,J2,172,9000,Utica,0,-78.6504402,41.44382748,-78.669401,41.46854027
Well #169,12/30/2022,5/7/2023,10/13/2023,Area 5,J2,173,9000,Utica,0,-78.65418973,41.44219875,-78.67033201,41.46323819
Well #170,1/13/2023,5/7/2023,10/13/2023,Area 5,J2,174,9000,Utica,0,-78.65798716,41.44054922,-78.67028802,41.45658218
Well #171,1/28/2023,5/7/2023,10/13/2023,Area 5,J2,175,9000,Utica,0,-78.66184209,41.4388744,-78.67259901,41.45289517
Well #172,2/12/2023,5/7/2023,10/13/2023,Area 5,J2,176,9000,Utica,0,-78.66515733,41.43743387,-78.67559601,41.45104018
Well #173,10/29/2022,8/24/2023,1/7/2024,Area 5,I2,177,7000,Utica,0,-78.64190849,41.46653879,-78.62149299,41.43994319
Well #174,11/18/2022,8/24/2023,1/7/2024,Area 5,I2,178,7000,Utica,0,-78.64591883,41.4647974,-78.633344,41.44841518
Well #175,12/2/2022,8/24/2023,1/7/2024,Area 5,I2,179,7000,Utica,0,-78.6496784,41.46316443,-78.63725201,41.44697517
Well #176,12/15/2022,8/24/2023,1/7/2024,Area 5,I2,180,7000,Utica,0,-78.65348873,41.46150942,-78.641022,41.44526719
Well #177,12/29/2022,8/24/2023,1/7/2024,Area 5,I2,181,7000,Utica,0,-78.65716655,41.45991167,-78.64438599,41.44326018
Well #178,1/11/2023,8/24/2023,1/7/2024,Area 5,I2,182,7000,Utica,0,-78.64271076,41.46619044,-78.659913,41.48860319
Well #179,1/25/2023,8/24/2023,1/7/2024,Area 5,I2,183,7000,Utica,0,-78.64638599,41.46459449,-78.66006499,41.48241719
Well #180,2/7/2023,8/24/2023,1/7/2024,Area 5,I2,184,7000,Utica,0,-78.65005836,41.4629994,-78.65997501,41.47592019
Well #181,2/21/2023,8/24/2023,1/7/2024,Area 5,I2,185,7000,Utica,0,-78.65382895,41.46136164,-78.66394702,41.47454517
Well #182,3/6/2023,8/24/2023,1/7/2024,Area 5,I2,186,7000,Utica,0,-78.65756615,41.45973805,-78.66883103,41.47441619
Well #183,3/20/2023,11/18/2023,2/7/2024,Area 4,K2,187,8000,Utica,0,-78.61850492,41.42906411,-78.63317999,41.44819519
Well #184,4/9/2023,11/18/2023,2/7/2024,Area 4,K2,188,8000,Utica,0,-78.62228769,41.4274205,-78.636722,41.44623818
Well #185,4/23/2023,11/18/2023,2/7/2024,Area 4,K2,189,8000,Utica,0,-78.62594366,41.42583161,-78.64009602,41.44428219
Well #186,5/7/2023,11/18/2023,2/7/2024,Area 4,K2,190,8000,Utica,0,-78.62962029,41.42423375,-78.64375302,41.44265918
Well #187,4/1/2023,12/28/2023,6/19/2024,Area 5,H2,191,10000,Utica,0,-78.62533273,41.4774402,-78.611759,41.45976019
Well #188,4/23/2023,12/28/2023,6/19/2024,Area 5,H2,192,10000,Utica,0,-78.6291447,41.47578524,-78.616121,41.45882119
Well #189,5/9/2023,12/28/2023,6/19/2024,Area 5,H2,193,10000,Utica,0,-78.63281549,41.47419156,-78.61440002,41.45020418
Well #190,5/24/2023,12/28/2023,6/19/2024,Area 5,H2,194,10000,Utica,0,-78.63660926,41.47254401,-78.61735402,41.44746219
Well #191,6/9/2023,12/28/2023,6/19/2024,Area 5,H2,195,10000,Utica,0,-78.64019608,41.4709863,-78.62008502,41.44478909
Well #192,6/24/2023,12/28/2023,6/19/2024,Area 5,H2,196,10000,Utica,0,-78.6259372,41.47717777,-78.64751602,41.50528826
Well #193,7/10/2023,12/28/2023,6/19/2024,Area 5,H2,197,10000,Utica,0,-78.62964215,41.47556927,-78.65083702,41.5031803
Well #194,7/25/2023,12/28/2023,6/19/2024,Area 5,H2,198,10000,Utica,0,-78.63344817,41.47391684,-78.65388202,41.50053717
Well #195,8/9/2023,12/28/2023,6/19/2024,Area 5,H2,199,10000,Utica,0,-78.63728932,41.47224866,-78.65715402,41.49812819
Well #196,8/25/2023,12/28/2023,6/19/2024,Area 5,H2,200,10000,Utica,0,-78.64102511,41.47062626,-78.660337,41.49578619
Well #197,9/9/2023,4/30/2024,9/23/2024,Area 3,G2,201,10000,Utica,0,-78.61911847,41.49596602,-78.596934,41.46707918
Well #198,10/2/2023,4/30/2024,9/23/2024,Area 3,G2,202,10000,Utica,0,-78.6230091,41.49427742,-78.60019901,41.46457531
Well #199,10/18/2023,4/30/2024,9/23/2024,Area 3,G2,203,10000,Utica,0,-78.62682669,41.49262015,-78.603565,41.4623293
Well #200,11/3/2023,4/30/2024,9/23/2024,Area 3,G2,204,10000,Utica,0,-78.63053166,41.49101162,-78.606132,41.45923829
Well #201,11/19/2023,4/30/2024,9/23/2024,Area 3,G2,205,10000,Utica,0,-78.62009948,41.49554024,-78.63995101,41.52139325
Well #202,12/5/2023,4/30/2024,9/23/2024,Area 3,G2,206,10000,Utica,0,-78.62369363,41.49398032,-78.64372501,41.52006819
Well #203,12/20/2023,4/30/2024,9/23/2024,Area 3,G2,207,10000,Utica,0,-78.62756235,41.49230076,-78.64568801,41.51590718
Well #204,1/5/2024,4/30/2024,9/23/2024,Area 3,G2,208,10000,Utica,0,-78.63114114,41.49074701,-78.64560001,41.50957818
Well #205,1/21/2024,8/13/2024,2/6/2025,Area 3,E2,209,10000,Utica,0,-78.59827272,41.50136632,-78.58104101,41.47893018
Well #206,2/13/2024,8/13/2024,2/6/2025,Area 3,E2,210,10000,Utica,0,-78.60211202,41.49970014,-78.58551,41.47808318
Well #207,2/28/2024,8/13/2024,2/6/2025,Area 3,E2,211,10000,Utica,0,-78.60587658,41.49806634,-78.58988001,41.47723719
Well #208,3/15/2024,8/13/2024,2/6/2025,Area 3,E2,212,10000,Utica,0,-78.60965627,41.49642576,-78.58994401,41.47075819
Well #209,3/31/2024,8/13/2024,2/6/2025,Area 3,E2,213,10000,Utica,0,-78.61329274,41.49484705,-78.59301402,41.46844124
Well #210,4/15/2024,8/13/2024,2/6/2025,Area 3,E2,214,10000,Utica,0,-78.59885111,41.50111536,-78.61869801,41.5269601
Well #211,5/1/2024,8/13/2024,2/6/2025,Area 3,E2,215,10000,Utica,0,-78.60275633,41.49942051,-78.62316701,41.52600012
Well #212,5/16/2024,8/13/2024,2/6/2025,Area 3,E2,216,10000,Utica,0,-78.60640867,41.49783541,-78.62699099,41.52463919
Well #213,6/1/2024,8/13/2024,2/6/2025,Area 3,E2,217,10000,Utica,0,-78.61037375,41.49611428,-78.630607,41.52246417
Well #214,6/17/2024,8/13/2024,2/6/2025,Area 3,E2,218,10000,Utica,0,-78.61420463,41.49445117,-78.63497802,41.52150518
Well #215,5/21/2023,12/18/2024,5/10/2025,Area 3,D2,219,10000,Utica,0,-78.58406356,41.50915199,-78.56684002,41.48672919
Well #216,6/13/2023,12/18/2024,5/10/2025,Area 3,D2,220,10000,Utica,0,-78.58781108,41.50752576,-78.57200002,41.48694119
Well #217,6/28/2023,12/18/2024,5/10/2025,Area 3,D2,221,10000,Utica,0,-78.59152965,41.50591168,-78.57418199,41.48332618
Well #218,7/14/2023,12/18/2024,5/10/2025,Area 3,D2,222,10000,Utica,0,-78.595389,41.50423648,-78.577452,41.48088319
Well #219,7/29/2023,12/18/2024,5/10/2025,Area 3,D2,223,10000,Utica,0,-78.58461527,41.50891259,-78.60494302,41.53538029
Well #220,8/14/2023,12/18/2024,5/10/2025,Area 3,D2,224,10000,Utica,0,-78.58842588,41.5072589,-78.60876199,41.53373817
Well #221,8/30/2023,12/18/2024,5/10/2025,Area 3,D2,225,10000,Utica,0,-78.59218152,41.50562872,-78.61203499,41.5314802
Well #222,9/14/2023,12/18/2024,5/10/2025,Area 3,D2,226,10000,Utica,0,-78.59605946,41.50394546,-78.615683,41.52949819
Well #223,7/2/2024,3/30/2025,7/18/2025,Area 3,C2,227,10000,Utica,0,-78.57376542,41.51568325,-78.55242901,41.48790917
Well #224,7/24/2024,3/30/2025,7/18/2025,Area 3,C2,228,10000,Utica,0,-78.57761945,41.51401104,-78.55780402,41.48821619
Well #225,8/9/2024,3/30/2025,7/18/2025,Area 3,C2,229,10000,Utica,0,-78.58126749,41.51242803,-78.56156701,41.48678219
Well #226,8/24/2024,3/30/2025,7/18/2025,Area 3,C2,230,10000,Utica,0,-78.57441518,41.51540133,-78.59247702,41.53891618
Well #227,9/8/2024,3/30/2025,7/18/2025,Area 3,C2,231,10000,Utica,0,-78.57822562,41.51374803,-78.59759901,41.53897117
Well #228,9/23/2024,3/30/2025,7/18/2025,Area 3,C2,232,10000,Utica,0,-78.58192368,41.51214323,-78.60167201,41.53785518
Well #229,10/8/2024,6/12/2025,9/30/2025,Area 2,I,233,10000,Utica,0,-78.42708296,41.62176771,-78.40861766,41.59777067
Well #230,10/31/2024,6/12/2025,9/30/2025,Area 2,I,234,10000,Utica,0,-78.43075658,41.62017642,-78.41189567,41.59566468
Well #231,11/16/2024,6/12/2025,9/30/2025,Area 2,I,235,10000,Utica,0,-78.43462311,41.6185012,-78.41564666,41.59383868
Well #232,12/1/2024,6/12/2025,9/30/2025,Area 2,I,236,9000,Utica,0,-78.42781989,41.62144849,-78.44468565,41.64336968
Well #233,12/16/2024,6/12/2025,9/30/2025,Area 2,I,237,9000,Utica,0,-78.43135715,41.61991627,-78.44834999,41.64200318
Well #234,12/31/2024,6/12/2025,9/30/2025,Area 2,I,238,9000,Utica,0,-78.43511281,41.61828901,-78.45243964,41.64081067
Well #235,1/15/2025,8/25/2025,12/18/2025,Area 2,H,239,8000,Utica,0,-78.41547968,41.62633293,-78.40074802,41.60718919
Well #236,2/4/2025,8/25/2025,12/18/2025,Area 2,H,240,8000,Utica,0,-78.4192196,41.62471271,-78.4043586,41.60540041
Well #237,2/18/2025,8/25/2025,12/18/2025,Area 2,H,241,8000,Utica,0,-78.42306894,41.62304494,-78.40849363,41.60410342
Well #238,3/4/2025,8/25/2025,12/18/2025,Area 2,H,242,9000,Utica,0,-78.41205382,41.62781675,-78.42947999,41.65046419
Well #239,3/19/2025,8/25/2025,12/18/2025,Area 2,H,243,9000,Utica,0,-78.41585403,41.62617084,-78.43333063,41.64888441
Well #240,4/3/2025,8/25/2025,12/18/2025,Area 2,H,244,9000,Utica,0,-78.41944601,41.62461461,-78.43704162,41.64748342
Well #241,4/18/2025,8/25/2025,12/18/2025,Area 2,H,245,9000,Utica,0,-78.42342886,41.622889,-78.4410806,41.6458314
